VEND_ID,VEND_NAME,VEND_STREET,VEND_CITY,VEND_STATE,VEND_ZIP
5,National Wholesale Consolidated,1185 BIGLERVILLE CIRCLE,Sweek Hollow,VT,5483
12,International Decor Partners,355 WILDWOOD DRIVE,South Miami,FL,33143
5,National Wholesale Consolidated,1185 BIGLERVILLE CIRCLE,Sweek Hollow,VT,5483
21,Internation Solvents of Virginia,1492 AUSTIN AVENUE,Cross Jct,VA,22625
19,S Plymouth Solubles Workshop,1874 LAWLOR CIRCLE,S Plymouth,NY,13844
7,Kenny Paints Workshop,1286 RICHARD EVELYN BYRD STREET,Grand Ledge,MI,48837
17,Linden Consolidated,1353 STEPHEN CIRCLE,Linden,MI,48451
2,Warren Paints Consolidated,377 LONGHORN STREET,Beebe Plain,VT,5823
6,Pine Hill Chemical Warehouse,1777 EASTWIND COURT,Pine Hill,PA,17901
7,Kenny Paints Workshop,1286 RICHARD EVELYN BYRD STREET,Grand Ledge,MI,48837
9,Donahue Solubles of West Virginia,382 FLORENCE CIRCLE,Huntington,WV,25700
10,Lambert Decor of New Hampshire,1839 DEMEURE PLACE,Brookfield,NH,3872
8,Baltimore Paints Consolidated,222 SEWARD 34TH RAMP,Baltimore,MD,21222
20,Irvington Wholesale Workshop,527 ELDERBERRY STREET,Irvington,KY,40146
20,Irvington Wholesale Workshop,527 ELDERBERRY STREET,Irvington,KY,40146
21,Internation Solvents of Virginia,1492 AUSTIN AVENUE,Cross Jct,VA,22625
13,Boykin Chemical Workshop,200 AERO AVENUE,Arlington,VA,22218
22,Rivera Decor Partners,1404 SEWARD NB ON TUDOR RAMP,Orchard Lake,MI,48324
17,Linden Consolidated,1353 STEPHEN CIRCLE,Linden,MI,48451
5,National Wholesale Consolidated,1185 BIGLERVILLE CIRCLE,Sweek Hollow,VT,5483
22,Rivera Decor Partners,1404 SEWARD NB ON TUDOR RAMP,Orchard Lake,MI,48324
21,Internation Solvents of Virginia,1492 AUSTIN AVENUE,Cross Jct,VA,22625
15,Unlimited Wholesale of Ohio,454 WINDJAMMER CIRCLE,Rowsburg,OH,44866
11,Super Solubles of Pennsylvania,1951 WEST 28TH COURT,Laporte,PA,18626
20,Irvington Wholesale Workshop,527 ELDERBERRY STREET,Irvington,KY,40146
10,Lambert Decor of New Hampshire,1839 DEMEURE PLACE,Brookfield,NH,3872
10,Lambert Decor of New Hampshire,1839 DEMEURE PLACE,Brookfield,NH,3872
15,Unlimited Wholesale of Ohio,454 WINDJAMMER CIRCLE,Rowsburg,OH,44866
15,Unlimited Wholesale of Ohio,454 WINDJAMMER CIRCLE,Rowsburg,OH,44866
5,National Wholesale Consolidated,1185 BIGLERVILLE CIRCLE,Sweek Hollow,VT,5483
16,National Solubles Partners,1618 CARIN PLACE,Newport,NC,28570
6,Pine Hill Chemical Warehouse,1777 EASTWIND COURT,Pine Hill,PA,17901
20,Irvington Wholesale Workshop,527 ELDERBERRY STREET,Irvington,KY,40146
20,Irvington Wholesale Workshop,527 ELDERBERRY STREET,Irvington,KY,40146
21,Internation Solvents of Virginia,1492 AUSTIN AVENUE,Cross Jct,VA,22625
16,National Solubles Partners,1618 CARIN PLACE,Newport,NC,28570
14,Watkins Wholesale Warehouse,632 GLENN NB ON MULDOON RAMP,Westfield,MA,1086
22,Rivera Decor Partners,1404 SEWARD NB ON TUDOR RAMP,Orchard Lake,MI,48324
13,Boykin Chemical Workshop,200 AERO AVENUE,Arlington,VA,22218
15,Unlimited Wholesale of Ohio,454 WINDJAMMER CIRCLE,Rowsburg,OH,44866
15,Unlimited Wholesale of Ohio,454 WINDJAMMER CIRCLE,Rowsburg,OH,44866
3,Leal Decor Workshop,1105 OLSON CIRCLE,Lake Lynn,PA,15439
15,Unlimited Wholesale of Ohio,454 WINDJAMMER CIRCLE,Rowsburg,OH,44866
15,Unlimited Wholesale of Ohio,454 WINDJAMMER CIRCLE,Rowsburg,OH,44866
8,Baltimore Paints Consolidated,222 SEWARD 34TH RAMP,Baltimore,MD,21222
21,Internation Solvents of Virginia,1492 AUSTIN AVENUE,Cross Jct,VA,22625
21,Internation Solvents of Virginia,1492 AUSTIN AVENUE,Cross Jct,VA,22625
22,Rivera Decor Partners,1404 SEWARD NB ON TUDOR RAMP,Orchard Lake,MI,48324
15,Unlimited Wholesale of Ohio,454 WINDJAMMER CIRCLE,Rowsburg,OH,44866
15,Unlimited Wholesale of Ohio,454 WINDJAMMER CIRCLE,Rowsburg,OH,44866
12,International Decor Partners,355 WILDWOOD DRIVE,South Miami,FL,33143
21,Internation Solvents of Virginia,1492 AUSTIN AVENUE,Cross Jct,VA,22625
13,Boykin Chemical Workshop,200 AERO AVENUE,Arlington,VA,22218
22,Rivera Decor Partners,1404 SEWARD NB ON TUDOR RAMP,Orchard Lake,MI,48324
3,Leal Decor Workshop,1105 OLSON CIRCLE,Lake Lynn,PA,15439
16,National Solubles Partners,1618 CARIN PLACE,Newport,NC,28570
15,Unlimited Wholesale of Ohio,454 WINDJAMMER CIRCLE,Rowsburg,OH,44866
15,Unlimited Wholesale of Ohio,454 WINDJAMMER CIRCLE,Rowsburg,OH,44866
5,National Wholesale Consolidated,1185 BIGLERVILLE CIRCLE,Sweek Hollow,VT,5483
2,Warren Paints Consolidated,377 LONGHORN STREET,Beebe Plain,VT,5823
18,Ledbetter Chemical of Vermont,1174 SPRUCEWOOD STREET,Brimstone Corners,VT,5761
14,Watkins Wholesale Warehouse,632 GLENN NB ON MULDOON RAMP,Westfield,MA,1086
21,Internation Solvents of Virginia,1492 AUSTIN AVENUE,Cross Jct,VA,22625
5,National Wholesale Consolidated,1185 BIGLERVILLE CIRCLE,Sweek Hollow,VT,5483
7,Kenny Paints Workshop,1286 RICHARD EVELYN BYRD STREET,Grand Ledge,MI,48837
22,Rivera Decor Partners,1404 SEWARD NB ON TUDOR RAMP,Orchard Lake,MI,48324
13,Boykin Chemical Workshop,200 AERO AVENUE,Arlington,VA,22218
18,Ledbetter Chemical of Vermont,1174 SPRUCEWOOD STREET,Brimstone Corners,VT,5761
8,Baltimore Paints Consolidated,222 SEWARD 34TH RAMP,Baltimore,MD,21222
22,Rivera Decor Partners,1404 SEWARD NB ON TUDOR RAMP,Orchard Lake,MI,48324
19,S Plymouth Solubles Workshop,1874 LAWLOR CIRCLE,S Plymouth,NY,13844
3,Leal Decor Workshop,1105 OLSON CIRCLE,Lake Lynn,PA,15439
17,Linden Consolidated,1353 STEPHEN CIRCLE,Linden,MI,48451
3,Leal Decor Workshop,1105 OLSON CIRCLE,Lake Lynn,PA,15439
14,Watkins Wholesale Warehouse,632 GLENN NB ON MULDOON RAMP,Westfield,MA,1086
15,Unlimited Wholesale of Ohio,454 WINDJAMMER CIRCLE,Rowsburg,OH,44866
22,Rivera Decor Partners,1404 SEWARD NB ON TUDOR RAMP,Orchard Lake,MI,48324
17,Linden Consolidated,1353 STEPHEN CIRCLE,Linden,MI,48451
6,Pine Hill Chemical Warehouse,1777 EASTWIND COURT,Pine Hill,PA,17901
2,Warren Paints Consolidated,377 LONGHORN STREET,Beebe Plain,VT,5823
21,Internation Solvents of Virginia,1492 AUSTIN AVENUE,Cross Jct,VA,22625
21,Internation Solvents of Virginia,1492 AUSTIN AVENUE,Cross Jct,VA,22625
21,Internation Solvents of Virginia,1492 AUSTIN AVENUE,Cross Jct,VA,22625
9,Donahue Solubles of West Virginia,382 FLORENCE CIRCLE,Huntington,WV,25700
21,Internation Solvents of Virginia,1492 AUSTIN AVENUE,Cross Jct,VA,22625
20,Irvington Wholesale Workshop,527 ELDERBERRY STREET,Irvington,KY,40146
1,Mt Blanchard Solvents Supplies,1625 BAY VIEW DRIVE,Mt Blanchard,OH,45867
10,Lambert Decor of New Hampshire,1839 DEMEURE PLACE,Brookfield,NH,3872
18,Ledbetter Chemical of Vermont,1174 SPRUCEWOOD STREET,Brimstone Corners,VT,5761
22,Rivera Decor Partners,1404 SEWARD NB ON TUDOR RAMP,Orchard Lake,MI,48324
22,Rivera Decor Partners,1404 SEWARD NB ON TUDOR RAMP,Orchard Lake,MI,48324
21,Internation Solvents of Virginia,1492 AUSTIN AVENUE,Cross Jct,VA,22625
15,Unlimited Wholesale of Ohio,454 WINDJAMMER CIRCLE,Rowsburg,OH,44866
22,Rivera Decor Partners,1404 SEWARD NB ON TUDOR RAMP,Orchard Lake,MI,48324
19,S Plymouth Solubles Workshop,1874 LAWLOR CIRCLE,S Plymouth,NY,13844
13,Boykin Chemical Workshop,200 AERO AVENUE,Arlington,VA,22218
22,Rivera Decor Partners,1404 SEWARD NB ON TUDOR RAMP,Orchard Lake,MI,48324
19,S Plymouth Solubles Workshop,1874 LAWLOR CIRCLE,S Plymouth,NY,13844
21,Internation Solvents of Virginia,1492 AUSTIN AVENUE,Cross Jct,VA,22625
10,Lambert Decor of New Hampshire,1839 DEMEURE PLACE,Brookfield,NH,3872
21,Internation Solvents of Virginia,1492 AUSTIN AVENUE,Cross Jct,VA,22625
22,Rivera Decor Partners,1404 SEWARD NB ON TUDOR RAMP,Orchard Lake,MI,48324
1,Mt Blanchard Solvents Supplies,1625 BAY VIEW DRIVE,Mt Blanchard,OH,45867
21,Internation Solvents of Virginia,1492 AUSTIN AVENUE,Cross Jct,VA,22625
1,Mt Blanchard Solvents Supplies,1625 BAY VIEW DRIVE,Mt Blanchard,OH,45867
16,National Solubles Partners,1618 CARIN PLACE,Newport,NC,28570
7,Kenny Paints Workshop,1286 RICHARD EVELYN BYRD STREET,Grand Ledge,MI,48837
3,Leal Decor Workshop,1105 OLSON CIRCLE,Lake Lynn,PA,15439
5,National Wholesale Consolidated,1185 BIGLERVILLE CIRCLE,Sweek Hollow,VT,5483
20,Irvington Wholesale Workshop,527 ELDERBERRY STREET,Irvington,KY,40146
21,Internation Solvents of Virginia,1492 AUSTIN AVENUE,Cross Jct,VA,22625
21,Internation Solvents of Virginia,1492 AUSTIN AVENUE,Cross Jct,VA,22625
22,Rivera Decor Partners,1404 SEWARD NB ON TUDOR RAMP,Orchard Lake,MI,48324
14,Watkins Wholesale Warehouse,632 GLENN NB ON MULDOON RAMP,Westfield,MA,1086
2,Warren Paints Consolidated,377 LONGHORN STREET,Beebe Plain,VT,5823
6,Pine Hill Chemical Warehouse,1777 EASTWIND COURT,Pine Hill,PA,17901
7,Kenny Paints Workshop,1286 RICHARD EVELYN BYRD STREET,Grand Ledge,MI,48837
22,Rivera Decor Partners,1404 SEWARD NB ON TUDOR RAMP,Orchard Lake,MI,48324
21,Internation Solvents of Virginia,1492 AUSTIN AVENUE,Cross Jct,VA,22625
11,Super Solubles of Pennsylvania,1951 WEST 28TH COURT,Laporte,PA,18626
3,Leal Decor Workshop,1105 OLSON CIRCLE,Lake Lynn,PA,15439
2,Warren Paints Consolidated,377 LONGHORN STREET,Beebe Plain,VT,5823
17,Linden Consolidated,1353 STEPHEN CIRCLE,Linden,MI,48451
3,Leal Decor Workshop,1105 OLSON CIRCLE,Lake Lynn,PA,15439
2,Warren Paints Consolidated,377 LONGHORN STREET,Beebe Plain,VT,5823
10,Lambert Decor of New Hampshire,1839 DEMEURE PLACE,Brookfield,NH,3872
21,Internation Solvents of Virginia,1492 AUSTIN AVENUE,Cross Jct,VA,22625
21,Internation Solvents of Virginia,1492 AUSTIN AVENUE,Cross Jct,VA,22625
7,Kenny Paints Workshop,1286 RICHARD EVELYN BYRD STREET,Grand Ledge,MI,48837
21,Internation Solvents of Virginia,1492 AUSTIN AVENUE,Cross Jct,VA,22625
5,National Wholesale Consolidated,1185 BIGLERVILLE CIRCLE,Sweek Hollow,VT,5483
15,Unlimited Wholesale of Ohio,454 WINDJAMMER CIRCLE,Rowsburg,OH,44866
17,Linden Consolidated,1353 STEPHEN CIRCLE,Linden,MI,48451
7,Kenny Paints Workshop,1286 RICHARD EVELYN BYRD STREET,Grand Ledge,MI,48837
6,Pine Hill Chemical Warehouse,1777 EASTWIND COURT,Pine Hill,PA,17901
21,Internation Solvents of Virginia,1492 AUSTIN AVENUE,Cross Jct,VA,22625
15,Unlimited Wholesale of Ohio,454 WINDJAMMER CIRCLE,Rowsburg,OH,44866
16,National Solubles Partners,1618 CARIN PLACE,Newport,NC,28570
8,Baltimore Paints Consolidated,222 SEWARD 34TH RAMP,Baltimore,MD,21222
9,Donahue Solubles of West Virginia,382 FLORENCE CIRCLE,Huntington,WV,25700
15,Unlimited Wholesale of Ohio,454 WINDJAMMER CIRCLE,Rowsburg,OH,44866
15,Unlimited Wholesale of Ohio,454 WINDJAMMER CIRCLE,Rowsburg,OH,44866
15,Unlimited Wholesale of Ohio,454 WINDJAMMER CIRCLE,Rowsburg,OH,44866
3,Leal Decor Workshop,1105 OLSON CIRCLE,Lake Lynn,PA,15439
22,Rivera Decor Partners,1404 SEWARD NB ON TUDOR RAMP,Orchard Lake,MI,48324
14,Watkins Wholesale Warehouse,632 GLENN NB ON MULDOON RAMP,Westfield,MA,1086
21,Internation Solvents of Virginia,1492 AUSTIN AVENUE,Cross Jct,VA,22625
15,Unlimited Wholesale of Ohio,454 WINDJAMMER CIRCLE,Rowsburg,OH,44866
18,Ledbetter Chemical of Vermont,1174 SPRUCEWOOD STREET,Brimstone Corners,VT,5761
17,Linden Consolidated,1353 STEPHEN CIRCLE,Linden,MI,48451
6,Pine Hill Chemical Warehouse,1777 EASTWIND COURT,Pine Hill,PA,17901
16,National Solubles Partners,1618 CARIN PLACE,Newport,NC,28570
4,Ripley Warehouse,1278 STORMY PLACE,Ripley,TN,38063
20,Irvington Wholesale Workshop,527 ELDERBERRY STREET,Irvington,KY,40146
21,Internation Solvents of Virginia,1492 AUSTIN AVENUE,Cross Jct,VA,22625
22,Rivera Decor Partners,1404 SEWARD NB ON TUDOR RAMP,Orchard Lake,MI,48324
21,Internation Solvents of Virginia,1492 AUSTIN AVENUE,Cross Jct,VA,22625
15,Unlimited Wholesale of Ohio,454 WINDJAMMER CIRCLE,Rowsburg,OH,44866
21,Internation Solvents of Virginia,1492 AUSTIN AVENUE,Cross Jct,VA,22625
19,S Plymouth Solubles Workshop,1874 LAWLOR CIRCLE,S Plymouth,NY,13844
22,Rivera Decor Partners,1404 SEWARD NB ON TUDOR RAMP,Orchard Lake,MI,48324
2,Warren Paints Consolidated,377 LONGHORN STREET,Beebe Plain,VT,5823
6,Pine Hill Chemical Warehouse,1777 EASTWIND COURT,Pine Hill,PA,17901
21,Internation Solvents of Virginia,1492 AUSTIN AVENUE,Cross Jct,VA,22625
13,Boykin Chemical Workshop,200 AERO AVENUE,Arlington,VA,22218
15,Unlimited Wholesale of Ohio,454 WINDJAMMER CIRCLE,Rowsburg,OH,44866
14,Watkins Wholesale Warehouse,632 GLENN NB ON MULDOON RAMP,Westfield,MA,1086
22,Rivera Decor Partners,1404 SEWARD NB ON TUDOR RAMP,Orchard Lake,MI,48324
15,Unlimited Wholesale of Ohio,454 WINDJAMMER CIRCLE,Rowsburg,OH,44866
12,International Decor Partners,355 WILDWOOD DRIVE,South Miami,FL,33143
21,Internation Solvents of Virginia,1492 AUSTIN AVENUE,Cross Jct,VA,22625
15,Unlimited Wholesale of Ohio,454 WINDJAMMER CIRCLE,Rowsburg,OH,44866
5,National Wholesale Consolidated,1185 BIGLERVILLE CIRCLE,Sweek Hollow,VT,5483
19,S Plymouth Solubles Workshop,1874 LAWLOR CIRCLE,S Plymouth,NY,13844
22,Rivera Decor Partners,1404 SEWARD NB ON TUDOR RAMP,Orchard Lake,MI,48324
15,Unlimited Wholesale of Ohio,454 WINDJAMMER CIRCLE,Rowsburg,OH,44866
21,Internation Solvents of Virginia,1492 AUSTIN AVENUE,Cross Jct,VA,22625
15,Unlimited Wholesale of Ohio,454 WINDJAMMER CIRCLE,Rowsburg,OH,44866
8,Baltimore Paints Consolidated,222 SEWARD 34TH RAMP,Baltimore,MD,21222
20,Irvington Wholesale Workshop,527 ELDERBERRY STREET,Irvington,KY,40146
22,Rivera Decor Partners,1404 SEWARD NB ON TUDOR RAMP,Orchard Lake,MI,48324
6,Pine Hill Chemical Warehouse,1777 EASTWIND COURT,Pine Hill,PA,17901
22,Rivera Decor Partners,1404 SEWARD NB ON TUDOR RAMP,Orchard Lake,MI,48324
15,Unlimited Wholesale of Ohio,454 WINDJAMMER CIRCLE,Rowsburg,OH,44866
22,Rivera Decor Partners,1404 SEWARD NB ON TUDOR RAMP,Orchard Lake,MI,48324
6,Pine Hill Chemical Warehouse,1777 EASTWIND COURT,Pine Hill,PA,17901
11,Super Solubles of Pennsylvania,1951 WEST 28TH COURT,Laporte,PA,18626
21,Internation Solvents of Virginia,1492 AUSTIN AVENUE,Cross Jct,VA,22625
13,Boykin Chemical Workshop,200 AERO AVENUE,Arlington,VA,22218
7,Kenny Paints Workshop,1286 RICHARD EVELYN BYRD STREET,Grand Ledge,MI,48837
17,Linden Consolidated,1353 STEPHEN CIRCLE,Linden,MI,48451
7,Kenny Paints Workshop,1286 RICHARD EVELYN BYRD STREET,Grand Ledge,MI,48837
3,Leal Decor Workshop,1105 OLSON CIRCLE,Lake Lynn,PA,15439
17,Linden Consolidated,1353 STEPHEN CIRCLE,Linden,MI,48451
21,Internation Solvents of Virginia,1492 AUSTIN AVENUE,Cross Jct,VA,22625
4,Ripley Warehouse,1278 STORMY PLACE,Ripley,TN,38063
3,Leal Decor Workshop,1105 OLSON CIRCLE,Lake Lynn,PA,15439
22,Rivera Decor Partners,1404 SEWARD NB ON TUDOR RAMP,Orchard Lake,MI,48324
16,National Solubles Partners,1618 CARIN PLACE,Newport,NC,28570
14,Watkins Wholesale Warehouse,632 GLENN NB ON MULDOON RAMP,Westfield,MA,1086
17,Linden Consolidated,1353 STEPHEN CIRCLE,Linden,MI,48451
21,Internation Solvents of Virginia,1492 AUSTIN AVENUE,Cross Jct,VA,22625
15,Unlimited Wholesale of Ohio,454 WINDJAMMER CIRCLE,Rowsburg,OH,44866
2,Warren Paints Consolidated,377 LONGHORN STREET,Beebe Plain,VT,5823
22,Rivera Decor Partners,1404 SEWARD NB ON TUDOR RAMP,Orchard Lake,MI,48324
1,Mt Blanchard Solvents Supplies,1625 BAY VIEW DRIVE,Mt Blanchard,OH,45867
22,Rivera Decor Partners,1404 SEWARD NB ON TUDOR RAMP,Orchard Lake,MI,48324
2,Warren Paints Consolidated,377 LONGHORN STREET,Beebe Plain,VT,5823
15,Unlimited Wholesale of Ohio,454 WINDJAMMER CIRCLE,Rowsburg,OH,44866
16,National Solubles Partners,1618 CARIN PLACE,Newport,NC,28570
12,International Decor Partners,355 WILDWOOD DRIVE,South Miami,FL,33143
5,National Wholesale Consolidated,1185 BIGLERVILLE CIRCLE,Sweek Hollow,VT,5483
17,Linden Consolidated,1353 STEPHEN CIRCLE,Linden,MI,48451
10,Lambert Decor of New Hampshire,1839 DEMEURE PLACE,Brookfield,NH,3872
18,Ledbetter Chemical of Vermont,1174 SPRUCEWOOD STREET,Brimstone Corners,VT,5761
9,Donahue Solubles of West Virginia,382 FLORENCE CIRCLE,Huntington,WV,25700
5,National Wholesale Consolidated,1185 BIGLERVILLE CIRCLE,Sweek Hollow,VT,5483
21,Internation Solvents of Virginia,1492 AUSTIN AVENUE,Cross Jct,VA,22625
6,Pine Hill Chemical Warehouse,1777 EASTWIND COURT,Pine Hill,PA,17901
2,Warren Paints Consolidated,377 LONGHORN STREET,Beebe Plain,VT,5823
7,Kenny Paints Workshop,1286 RICHARD EVELYN BYRD STREET,Grand Ledge,MI,48837
22,Rivera Decor Partners,1404 SEWARD NB ON TUDOR RAMP,Orchard Lake,MI,48324
21,Internation Solvents of Virginia,1492 AUSTIN AVENUE,Cross Jct,VA,22625
16,National Solubles Partners,1618 CARIN PLACE,Newport,NC,28570
22,Rivera Decor Partners,1404 SEWARD NB ON TUDOR RAMP,Orchard Lake,MI,48324
21,Internation Solvents of Virginia,1492 AUSTIN AVENUE,Cross Jct,VA,22625
4,Ripley Warehouse,1278 STORMY PLACE,Ripley,TN,38063
11,Super Solubles of Pennsylvania,1951 WEST 28TH COURT,Laporte,PA,18626
14,Watkins Wholesale Warehouse,632 GLENN NB ON MULDOON RAMP,Westfield,MA,1086
21,Internation Solvents of Virginia,1492 AUSTIN AVENUE,Cross Jct,VA,22625
1,Mt Blanchard Solvents Supplies,1625 BAY VIEW DRIVE,Mt Blanchard,OH,45867
7,Kenny Paints Workshop,1286 RICHARD EVELYN BYRD STREET,Grand Ledge,MI,48837
16,National Solubles Partners,1618 CARIN PLACE,Newport,NC,28570
21,Internation Solvents of Virginia,1492 AUSTIN AVENUE,Cross Jct,VA,22625
5,National Wholesale Consolidated,1185 BIGLERVILLE CIRCLE,Sweek Hollow,VT,5483
3,Leal Decor Workshop,1105 OLSON CIRCLE,Lake Lynn,PA,15439
15,Unlimited Wholesale of Ohio,454 WINDJAMMER CIRCLE,Rowsburg,OH,44866
15,Unlimited Wholesale of Ohio,454 WINDJAMMER CIRCLE,Rowsburg,OH,44866
22,Rivera Decor Partners,1404 SEWARD NB ON TUDOR RAMP,Orchard Lake,MI,48324
15,Unlimited Wholesale of Ohio,454 WINDJAMMER CIRCLE,Rowsburg,OH,44866
9,Donahue Solubles of West Virginia,382 FLORENCE CIRCLE,Huntington,WV,25700
22,Rivera Decor Partners,1404 SEWARD NB ON TUDOR RAMP,Orchard Lake,MI,48324
22,Rivera Decor Partners,1404 SEWARD NB ON TUDOR RAMP,Orchard Lake,MI,48324
15,Unlimited Wholesale of Ohio,454 WINDJAMMER CIRCLE,Rowsburg,OH,44866
13,Boykin Chemical Workshop,200 AERO AVENUE,Arlington,VA,22218
15,Unlimited Wholesale of Ohio,454 WINDJAMMER CIRCLE,Rowsburg,OH,44866
5,National Wholesale Consolidated,1185 BIGLERVILLE CIRCLE,Sweek Hollow,VT,5483
22,Rivera Decor Partners,1404 SEWARD NB ON TUDOR RAMP,Orchard Lake,MI,48324
21,Internation Solvents of Virginia,1492 AUSTIN AVENUE,Cross Jct,VA,22625
3,Leal Decor Workshop,1105 OLSON CIRCLE,Lake Lynn,PA,15439
11,Super Solubles of Pennsylvania,1951 WEST 28TH COURT,Laporte,PA,18626
21,Internation Solvents of Virginia,1492 AUSTIN AVENUE,Cross Jct,VA,22625
